{
    "mlp.down_proj": {
        "model.layers.1.mlp.down_proj": 14.366758346557617,
        "model.layers.0.mlp.down_proj": 10.716665267944336,
        "model.layers.30.mlp.down_proj": 6.269676208496094,
        "model.layers.2.mlp.down_proj": 6.007016181945801,
        "model.layers.21.mlp.down_proj": 5.676476955413818,
        "model.layers.22.mlp.down_proj": 5.579048156738281,
        "model.layers.29.mlp.down_proj": 5.573249816894531,
        "model.layers.5.mlp.down_proj": 5.1131672859191895,
        "model.layers.4.mlp.down_proj": 5.022282123565674,
        "model.layers.20.mlp.down_proj": 5.008363723754883,
        "model.layers.23.mlp.down_proj": 4.76688289642334,
        "model.layers.19.mlp.down_proj": 4.4282660484313965,
        "model.layers.3.mlp.down_proj": 4.141928672790527,
        "model.layers.17.mlp.down_proj": 4.100505828857422,
        "model.layers.6.mlp.down_proj": 3.872812509536743,
        "model.layers.31.mlp.down_proj": 3.816950559616089,
        "model.layers.28.mlp.down_proj": 3.807123899459839,
        "model.layers.24.mlp.down_proj": 3.784012794494629,
        "model.layers.27.mlp.down_proj": 3.6277246475219727,
        "model.layers.18.mlp.down_proj": 3.5365350246429443,
        "model.layers.26.mlp.down_proj": 3.5323643684387207,
        "model.layers.14.mlp.down_proj": 3.4718148708343506,
        "model.layers.16.mlp.down_proj": 3.4168283939361572,
        "model.layers.25.mlp.down_proj": 3.28015398979187,
        "model.layers.15.mlp.down_proj": 3.2484230995178223,
        "model.layers.7.mlp.down_proj": 2.660759925842285,
        "model.layers.13.mlp.down_proj": 2.642331600189209,
        "model.layers.8.mlp.down_proj": 2.4556331634521484,
        "model.layers.12.mlp.down_proj": 2.3716812133789062,
        "model.layers.9.mlp.down_proj": 2.0401175022125244,
        "model.layers.10.mlp.down_proj": 1.8275474309921265,
        "model.layers.11.mlp.down_proj": 1.602394700050354
    },
    "mlp.gate_proj": {
        "model.layers.1.mlp.gate_proj": 3.1568820476531982,
        "model.layers.2.mlp.gate_proj": 2.9655544757843018,
        "model.layers.3.mlp.gate_proj": 2.8161802291870117,
        "model.layers.4.mlp.gate_proj": 1.8478134870529175,
        "model.layers.0.mlp.gate_proj": 1.7091014385223389,
        "model.layers.25.mlp.gate_proj": 1.4490258693695068,
        "model.layers.26.mlp.gate_proj": 1.4163554906845093,
        "model.layers.5.mlp.gate_proj": 1.387030005455017,
        "model.layers.24.mlp.gate_proj": 1.371747612953186,
        "model.layers.28.mlp.gate_proj": 1.3268702030181885,
        "model.layers.23.mlp.gate_proj": 1.2415965795516968,
        "model.layers.27.mlp.gate_proj": 1.228916049003601,
        "model.layers.21.mlp.gate_proj": 1.2026875019073486,
        "model.layers.22.mlp.gate_proj": 1.1697115898132324,
        "model.layers.20.mlp.gate_proj": 1.1259845495224,
        "model.layers.29.mlp.gate_proj": 1.125267505645752,
        "model.layers.6.mlp.gate_proj": 1.1136218309402466,
        "model.layers.7.mlp.gate_proj": 1.0231523513793945,
        "model.layers.19.mlp.gate_proj": 1.0180878639221191,
        "model.layers.30.mlp.gate_proj": 0.9674279689788818,
        "model.layers.18.mlp.gate_proj": 0.8764198422431946,
        "model.layers.8.mlp.gate_proj": 0.7963065505027771,
        "model.layers.17.mlp.gate_proj": 0.7410727143287659,
        "model.layers.12.mlp.gate_proj": 0.6793327331542969,
        "model.layers.11.mlp.gate_proj": 0.6570965647697449,
        "model.layers.14.mlp.gate_proj": 0.6486019492149353,
        "model.layers.13.mlp.gate_proj": 0.6478538513183594,
        "model.layers.31.mlp.gate_proj": 0.6427975296974182,
        "model.layers.9.mlp.gate_proj": 0.6395290493965149,
        "model.layers.16.mlp.gate_proj": 0.6252431869506836,
        "model.layers.10.mlp.gate_proj": 0.6159749031066895,
        "model.layers.15.mlp.gate_proj": 0.5859392285346985
    },
    "mlp.up_proj": {
        "model.layers.4.mlp.up_proj": 19.12268829345703,
        "model.layers.3.mlp.up_proj": 13.512104988098145,
        "model.layers.0.mlp.up_proj": 12.436895370483398,
        "model.layers.7.mlp.up_proj": 10.962556838989258,
        "model.layers.5.mlp.up_proj": 10.896486282348633,
        "model.layers.6.mlp.up_proj": 9.926046371459961,
        "model.layers.2.mlp.up_proj": 9.447160720825195,
        "model.layers.1.mlp.up_proj": 7.489230632781982,
        "model.layers.8.mlp.up_proj": 7.484744071960449,
        "model.layers.14.mlp.up_proj": 7.219717979431152,
        "model.layers.12.mlp.up_proj": 7.152500152587891,
        "model.layers.9.mlp.up_proj": 5.941116809844971,
        "model.layers.15.mlp.up_proj": 5.939010143280029,
        "model.layers.17.mlp.up_proj": 5.559112548828125,
        "model.layers.13.mlp.up_proj": 5.425821304321289,
        "model.layers.19.mlp.up_proj": 5.405299663543701,
        "model.layers.20.mlp.up_proj": 5.326625823974609,
        "model.layers.18.mlp.up_proj": 5.288219928741455,
        "model.layers.11.mlp.up_proj": 5.193578720092773,
        "model.layers.16.mlp.up_proj": 5.1103997230529785,
        "model.layers.21.mlp.up_proj": 5.097988128662109,
        "model.layers.25.mlp.up_proj": 4.997596263885498,
        "model.layers.24.mlp.up_proj": 4.897052764892578,
        "model.layers.26.mlp.up_proj": 4.835668563842773,
        "model.layers.10.mlp.up_proj": 4.63812255859375,
        "model.layers.22.mlp.up_proj": 4.505190849304199,
        "model.layers.23.mlp.up_proj": 4.490372657775879,
        "model.layers.27.mlp.up_proj": 4.450912952423096,
        "model.layers.28.mlp.up_proj": 3.973975896835327,
        "model.layers.29.mlp.up_proj": 3.018491744995117,
        "model.layers.30.mlp.up_proj": 1.6661388874053955,
        "model.layers.31.mlp.up_proj": 0.7274019718170166
    },
    "self_attn.k_proj": {
        "model.layers.29.self_attn.k_proj": 0.5662208199501038,
        "model.layers.25.self_attn.k_proj": 0.5533183813095093,
        "model.layers.23.self_attn.k_proj": 0.48004040122032166,
        "model.layers.28.self_attn.k_proj": 0.4693010449409485,
        "model.layers.21.self_attn.k_proj": 0.4621453285217285,
        "model.layers.19.self_attn.k_proj": 0.4240715205669403,
        "model.layers.22.self_attn.k_proj": 0.3943897783756256,
        "model.layers.20.self_attn.k_proj": 0.38855230808258057,
        "model.layers.24.self_attn.k_proj": 0.3883601427078247,
        "model.layers.31.self_attn.k_proj": 0.383365273475647,
        "model.layers.27.self_attn.k_proj": 0.38076433539390564,
        "model.layers.26.self_attn.k_proj": 0.36620572209358215,
        "model.layers.17.self_attn.k_proj": 0.3407289981842041,
        "model.layers.11.self_attn.k_proj": 0.3392774760723114,
        "model.layers.18.self_attn.k_proj": 0.3187059760093689,
        "model.layers.14.self_attn.k_proj": 0.31870588660240173,
        "model.layers.12.self_attn.k_proj": 0.3095610737800598,
        "model.layers.3.self_attn.k_proj": 0.3069946765899658,
        "model.layers.4.self_attn.k_proj": 0.3051682412624359,
        "model.layers.5.self_attn.k_proj": 0.3048256039619446,
        "model.layers.30.self_attn.k_proj": 0.30371877551078796,
        "model.layers.10.self_attn.k_proj": 0.30078527331352234,
        "model.layers.6.self_attn.k_proj": 0.29685065150260925,
        "model.layers.8.self_attn.k_proj": 0.29519978165626526,
        "model.layers.7.self_attn.k_proj": 0.2903803288936615,
        "model.layers.15.self_attn.k_proj": 0.2888960540294647,
        "model.layers.16.self_attn.k_proj": 0.2831040918827057,
        "model.layers.9.self_attn.k_proj": 0.28259655833244324,
        "model.layers.13.self_attn.k_proj": 0.27993038296699524,
        "model.layers.2.self_attn.k_proj": 0.24604995548725128,
        "model.layers.1.self_attn.k_proj": 0.18521007895469666,
        "model.layers.0.self_attn.k_proj": 0.1693667322397232
    },
    "self_attn.o_proj": {
        "model.layers.14.self_attn.o_proj": 0.30460071563720703,